t_utc,lat,lon,kmh,inclinacion,acel_max_g,acel_min_g
1791000000,42.0101752,-4.5300000,70.0,0.0,0.020,-0.020
1791000001,42.0103528,-4.5299960,71.0,2.5,0.087,-0.020
1791000002,42.0105329,-4.5299879,72.0,5.1,0.152,-0.020
1791000003,42.0107154,-4.5299755,73.0,7.5,0.216,-0.020
1791000004,42.0109001,-4.5299588,74.0,10.0,0.278,-0.020
1791000005,42.0110871,-4.5299377,75.0,12.4,0.336,-0.020
1791000006,42.0112763,-4.5299120,76.0,14.8,0.391,-0.020
1791000007,42.0114676,-4.5298816,77.0,17.1,0.441,-0.020
1791000008,42.0116609,-4.5298465,77.9,19.3,0.486,-0.020
1791000009,42.0118562,-4.5298066,78.9,21.5,0.525,-0.020
1791000010,42.0120534,-4.5297617,79.9,23.5,0.558,-0.020
1791000011,42.0122523,-4.5297117,80.9,25.4,0.584,-0.020
1791000012,42.0124530,-4.5296567,81.8,27.3,0.603,-0.020
1791000013,42.0126553,-4.5295964,82.8,29.0,0.615,-0.020
1791000014,42.0128591,-4.5295308,83.7,30.5,0.620,-0.020
1791000015,42.0130644,-4.5294599,84.7,32.0,0.617,-0.020
1791000016,42.0132710,-4.5293835,85.6,33.3,0.607,-0.020
1791000017,42.0134788,-4.5293016,86.5,34.4,0.590,-0.020
1791000018,42.0136877,-4.5292141,87.4,35.4,0.566,-0.020
1791000019,42.0138977,-4.5291209,88.3,36.3,0.535,-0.020
1791000020,42.0141086,-4.5290221,89.2,36.9,0.497,-0.020
1791000021,42.0143203,-4.5289175,90.0,37.4,0.454,-0.020
1791000022,42.0145327,-4.5288071,90.9,37.8,0.405,-0.020
1791000023,42.0147456,-4.5286908,91.8,38.0,0.352,-0.020
1791000024,42.0149590,-4.5285687,92.6,38.0,0.294,-0.020
1791000025,42.0151728,-4.5284406,93.4,37.8,0.234,-0.020
1791000026,42.0153867,-4.5283066,94.2,37.5,0.170,-0.020
1791000027,42.0156008,-4.5281667,95.0,37.0,0.105,-0.020
1791000028,42.0158148,-4.5280207,95.8,36.3,0.038,-0.020
1791000029,42.0160287,-4.5278688,96.5,35.5,0.020,-0.068
1791000030,42.0162423,-4.5277108,97.3,34.6,0.020,-0.134
1791000031,42.0164555,-4.5275468,98.0,33.4,0.020,-0.199
1791000032,42.0166682,-4.5273768,98.7,32.1,0.020,-0.261
1791000033,42.0168802,-4.5272009,99.4,30.7,0.020,-0.321
1791000034,42.0170915,-4.5270189,100.1,29.2,0.020,-0.376
1791000035,42.0173018,-4.5268310,100.7,27.5,0.020,-0.428
1791000036,42.0175111,-4.5266372,101.3,25.7,0.020,-0.474
1791000037,42.0177192,-4.5264375,101.9,23.7,0.020,-0.515
1791000038,42.0179261,-4.5262319,102.5,21.7,0.020,-0.549
1791000039,42.0181315,-4.5260205,103.1,19.6,0.020,-0.577
1791000040,42.0183353,-4.5258034,103.7,17.4,0.020,-0.599
1791000041,42.0185375,-4.5255806,104.2,15.1,0.020,-0.613
1791000042,42.0187379,-4.5253521,104.7,12.7,0.020,-0.619
1791000043,42.0189364,-4.5251180,105.2,10.3,0.020,-0.619
1791000044,42.0191328,-4.5248785,105.6,7.9,0.020,-0.611
1791000045,42.0193271,-4.5246335,106.1,5.4,0.020,-0.595
1791000046,42.0195190,-4.5243832,106.5,2.8,0.020,-0.573
1791000047,42.0197086,-4.5241276,106.9,0.3,0.020,-0.544
1791000048,42.0198957,-4.5238669,107.3,-2.2,0.020,-0.508
1791000049,42.0200801,-4.5236012,107.6,-4.7,0.020,-0.466
1791000050,42.0202617,-4.5233305,108.0,-7.2,0.020,-0.419
1791000051,42.0204405,-4.5230550,108.3,-9.7,0.020,-0.367
1791000052,42.0206164,-4.5227747,108.5,-12.1,0.020,-0.310
1791000053,42.0207892,-4.5224899,108.8,-14.5,0.020,-0.250
1791000054,42.0209588,-4.5222006,109.0,-16.8,0.020,-0.188
1791000055,42.0211251,-4.5219069,109.2,-19.0,0.020,-0.123
1791000056,42.0212881,-4.5216090,109.4,-21.2,0.020,-0.057
1791000057,42.0214476,-4.5213071,109.6,-23.3,0.050,-0.020
1791000058,42.0216035,-4.5210013,109.7,-25.2,0.116,-0.020
1791000059,42.0217558,-4.5206916,109.8,-27.0,0.181,-0.020
1791000060,42.0219044,-4.5203783,109.9,-28.8,0.244,-0.020
1791000061,42.0220492,-4.5200616,110.0,-30.3,0.305,-0.020
1791000062,42.0221901,-4.5197415,110.0,-31.8,0.362,-0.020
1791000063,42.0223271,-4.5194183,110.0,-33.1,0.414,-0.020
1791000064,42.0224601,-4.5190921,110.0,-34.3,0.462,-0.020
1791000065,42.0225889,-4.5187630,109.9,-35.3,0.504,-0.020
1791000066,42.0227136,-4.5184313,109.9,-36.2,0.540,-0.020
1791000067,42.0228342,-4.5180971,109.8,-36.9,0.570,-0.020
1791000068,42.0229504,-4.5177606,109.7,-37.4,0.593,-0.020
1791000069,42.0230624,-4.5174219,109.5,-37.8,0.610,-0.020
1791000070,42.0231700,-4.5170813,109.4,-38.0,0.618,-0.020
1791000071,42.0232732,-4.5167389,109.2,-38.0,0.620,-0.020
1791000072,42.0233720,-4.5163949,109.0,-37.9,0.614,-0.020
1791000073,42.0234664,-4.5160495,108.7,-37.5,0.600,-0.020
1791000074,42.0235562,-4.5157028,108.5,-37.1,0.580,-0.020
1791000075,42.0236416,-4.5153551,108.2,-36.4,0.552,-0.020
1791000076,42.0237224,-4.5150065,107.9,-35.6,0.518,-0.020
1791000077,42.0237987,-4.5146573,107.5,-34.7,0.478,-0.020
1791000078,42.0238704,-4.5143075,107.2,-33.6,0.433,-0.020
1791000079,42.0239376,-4.5139574,106.8,-32.3,0.382,-0.020
1791000080,42.0240002,-4.5136072,106.4,-30.9,0.326,-0.020
1791000081,42.0240583,-4.5132570,105.9,-29.4,0.267,-0.020
1791000082,42.0241118,-4.5129071,105.5,-27.7,0.205,-0.020
1791000083,42.0241608,-4.5125575,105.0,-25.9,0.141,-0.020
1791000084,42.0242052,-4.5122086,104.5,-24.0,0.075,-0.020
1791000085,42.0242452,-4.5118604,104.0,-22.0,0.020,-0.032
1791000086,42.0242807,-4.5115132,103.5,-19.9,0.020,-0.098
1791000087,42.0243117,-4.5111671,102.9,-17.7,0.020,-0.164
1791000088,42.0243383,-4.5108223,102.3,-15.4,0.020,-0.227
1791000089,42.0243606,-4.5104790,101.7,-13.0,0.020,-0.289
1791000090,42.0243785,-4.5101373,101.1,-10.6,0.020,-0.346
1791000091,42.0243921,-4.5097974,100.5,-8.2,0.020,-0.400
1791000092,42.0244014,-4.5094594,99.8,-5.7,0.020,-0.449
1791000093,42.0244066,-4.5091236,99.2,-3.2,0.020,-0.493
1791000094,42.0244076,-4.5087901,98.5,-0.6,0.020,-0.531
1791000095,42.0244046,-4.5084590,97.7,1.9,0.020,-0.563
1791000096,42.0243975,-4.5081305,97.0,4.4,0.020,-0.588
1791000097,42.0243864,-4.5078047,96.3,6.9,0.020,-0.606
1791000098,42.0243715,-4.5074818,95.5,9.4,0.020,-0.617
1791000099,42.0243527,-4.5071619,94.7,11.8,0.020,-0.620
1791000100,42.0243302,-4.5068451,93.9,14.2,0.020,-0.616
1791000101,42.0243041,-4.5065316,93.1,16.5,0.020,-0.605
1791000102,42.0242743,-4.5062215,92.3,18.8,0.020,-0.586
1791000103,42.0242410,-4.5059150,91.5,20.9,0.020,-0.561
1791000104,42.0242043,-4.5056120,90.6,23.0,0.020,-0.528
1791000105,42.0241643,-4.5053129,89.8,25.0,0.020,-0.490
1791000106,42.0241210,-4.5050175,88.9,26.8,0.020,-0.446
1791000107,42.0240745,-4.5047261,88.0,28.6,0.020,-0.396
1791000108,42.0240250,-4.5044388,87.1,30.2,0.020,-0.342
1791000109,42.0239725,-4.5041556,86.2,31.6,0.020,-0.284
1791000110,42.0239171,-4.5038767,85.3,33.0,0.020,-0.222
1791000111,42.0238590,-4.5036021,84.3,34.2,0.020,-0.159
1791000112,42.0237981,-4.5033318,83.4,35.2,0.020,-0.093
1791000113,42.0237347,-4.5030660,82.5,36.1,0.020,-0.026
1791000114,42.0236688,-4.5028048,81.5,36.8,0.080,-0.020
1791000115,42.0236004,-4.5025481,80.5,37.3,0.146,-0.020
1791000116,42.0235298,-4.5022961,79.6,37.7,0.210,-0.020
1791000117,42.0234570,-4.5020488,78.6,37.9,0.272,-0.020
1791000118,42.0233821,-4.5018062,77.6,38.0,0.331,-0.020
1791000119,42.0233052,-4.5015684,76.6,37.9,0.386,-0.020
1791000120,42.0232264,-4.5013353,75.6,37.6,0.436,-0.020
1791000121,42.0231459,-4.5011072,74.7,37.1,0.482,-0.020
1791000122,42.0230636,-4.5008839,73.7,36.5,0.521,-0.020
1791000123,42.0229798,-4.5006655,72.7,35.7,0.555,-0.020
1791000124,42.0228944,-4.5004519,71.7,34.8,0.582,-0.020
1791000125,42.0228077,-4.5002433,70.7,33.7,0.602,-0.020
1791000126,42.0227197,-4.5000396,69.7,32.5,0.614,-0.020
1791000127,42.0226305,-4.4998408,68.7,31.1,0.620,-0.020
1791000128,42.0225402,-4.4996469,67.7,29.6,0.618,-0.020
1791000129,42.0224489,-4.4994579,66.7,27.9,0.608,-0.020
1791000130,42.0223566,-4.4992738,65.7,26.1,0.592,-0.020
1791000131,42.0222636,-4.4990945,64.7,24.2,0.568,-0.020
1791000132,42.0221698,-4.4989201,63.7,22.2,0.538,-0.020
1791000133,42.0220753,-4.4987505,62.7,20.1,0.501,-0.020
1791000134,42.0219803,-4.4985856,61.7,17.9,0.458,-0.020
1791000135,42.0218848,-4.4984255,60.7,15.7,0.410,-0.020
1791000136,42.0217889,-4.4982701,59.8,13.3,0.357,-0.020
1791000137,42.0216927,-4.4981193,58.8,10.9,0.300,-0.020
1791000138,42.0215962,-4.4979731,57.9,8.5,0.240,-0.020
1791000139,42.0214996,-4.4978315,56.9,6.0,0.176,-0.020
1791000140,42.0214028,-4.4976944,56.0,3.5,0.111,-0.020
1791000141,42.0213061,-4.4975618,55.0,0.9,0.045,-0.020
1791000142,42.0212093,-4.4974335,54.1,-1.6,0.020,-0.062
1791000143,42.0211126,-4.4973096,53.2,-4.1,0.020,-0.128
1791000144,42.0210161,-4.4971899,52.3,-6.6,0.020,-0.193
1791000145,42.0209198,-4.4970745,51.4,-9.1,0.020,-0.255
1791000146,42.0208238,-4.4969631,50.5,-11.5,0.020,-0.315
1791000147,42.0207281,-4.4968558,49.7,-13.9,0.020,-0.371
1791000148,42.0206327,-4.4967525,48.8,-16.3,0.020,-0.423
1791000149,42.0205378,-4.4966531,48.0,-18.5,0.020,-0.470
1791000150,42.0204433,-4.4965576,47.1,-20.7,0.020,-0.511
1791000151,42.0203492,-4.4964658,46.3,-22.8,0.020,-0.546
1791000152,42.0202557,-4.4963776,45.5,-24.7,0.020,-0.575
1791000153,42.0201628,-4.4962931,44.7,-26.6,0.020,-0.597
1791000154,42.0200704,-4.4962121,44.0,-28.3,0.020,-0.612
1791000155,42.0199787,-4.4961345,43.2,-30.0,0.020,-0.619
1791000156,42.0198876,-4.4960603,42.5,-31.5,0.020,-0.619
1791000157,42.0197971,-4.4959894,41.8,-32.8,0.020,-0.612
1791000158,42.0197073,-4.4959217,41.1,-34.0,0.020,-0.597
1791000159,42.0196182,-4.4958571,40.4,-35.1,0.020,-0.575
1791000160,42.0195298,-4.4957956,39.7,-36.0,0.020,-0.547
1791000161,42.0194421,-4.4957370,39.1,-36.7,0.020,-0.512
1791000162,42.0193551,-4.4956813,38.5,-37.3,0.020,-0.471
1791000163,42.0192688,-4.4956285,37.9,-37.7,0.020,-0.424
1791000164,42.0191832,-4.4955784,37.3,-37.9,0.020,-0.372
1791000165,42.0190983,-4.4955309,36.7,-38.0,0.020,-0.316
1791000166,42.0190141,-4.4954860,36.2,-37.9,0.020,-0.256
1791000167,42.0189306,-4.4954437,35.6,-37.6,0.020,-0.194
1791000168,42.0188477,-4.4954038,35.1,-37.2,0.020,-0.129
1791000169,42.0187655,-4.4953664,34.7,-36.6,0.020,-0.063
1791000170,42.0186840,-4.4953312,34.2,-35.9,0.044,-0.020
1791000171,42.0186030,-4.4952983,33.8,-34.9,0.110,-0.020
1791000172,42.0185227,-4.4952676,33.4,-33.9,0.175,-0.020
1791000173,42.0184429,-4.4952391,33.0,-32.6,0.238,-0.020
1791000174,42.0183637,-4.4952127,32.6,-31.3,0.299,-0.020
1791000175,42.0182850,-4.4951883,32.3,-29.8,0.356,-0.020
1791000176,42.0182069,-4.4951660,31.9,-28.1,0.409,-0.020
1791000177,42.0181291,-4.4951456,31.6,-26.4,0.458,-0.020
1791000178,42.0180518,-4.4951271,31.4,-24.5,0.500,-0.020
1791000179,42.0179749,-4.4951105,31.1,-22.5,0.537,-0.020
1791000180,42.0178984,-4.4950957,30.9,-20.4,0.568,-0.020
1791000181,42.0178221,-4.4950827,30.7,-18.2,0.592,-0.020
1791000182,42.0177462,-4.4950716,30.5,-15.9,0.608,-0.020
1791000183,42.0176705,-4.4950621,30.4,-13.6,0.618,-0.020
1791000184,42.0175950,-4.4950545,30.3,-11.2,0.620,-0.020
1791000185,42.0175197,-4.4950485,30.2,-8.8,0.615,-0.020
1791000186,42.0174445,-4.4950443,30.1,-6.3,0.602,-0.020
1791000187,42.0173693,-4.4950417,30.0,-3.8,0.582,-0.020
1791000188,42.0172943,-4.4950409,30.0,-1.3,0.555,-0.020
1791000189,42.0172192,-4.4950418,30.0,1.3,0.522,-0.020
1791000190,42.0171441,-4.4950443,30.0,3.8,0.482,-0.020
1791000191,42.0170688,-4.4950486,30.1,6.3,0.437,-0.020
1791000192,42.0169935,-4.4950545,30.2,8.8,0.387,-0.020
1791000193,42.0169180,-4.4950622,30.3,11.2,0.332,-0.020
1791000194,42.0168423,-4.4950716,30.4,13.6,0.273,-0.020
1791000195,42.0167664,-4.4950828,30.5,16.0,0.211,-0.020
1791000196,42.0166901,-4.4950958,30.7,18.2,0.147,-0.020
1791000197,42.0166136,-4.4951106,30.9,20.4,0.081,-0.020
1791000198,42.0165367,-4.4951272,31.1,22.5,0.020,-0.025
1791000199,42.0164594,-4.4951457,31.4,24.5,0.020,-0.092
1791000200,42.0163816,-4.4951662,31.6,26.4,0.020,-0.157
1791000201,42.0163034,-4.4951885,31.9,28.1,0.020,-0.221
1791000202,42.0162247,-4.4952129,32.3,29.8,0.020,-0.283
1791000203,42.0161455,-4.4952394,32.6,31.3,0.020,-0.341
1791000204,42.0160658,-4.4952679,33.0,32.6,0.020,-0.395
1791000205,42.0159854,-4.4952986,33.4,33.9,0.020,-0.445
1791000206,42.0159045,-4.4953315,33.8,34.9,0.020,-0.489
1791000207,42.0158229,-4.4953667,34.2,35.9,0.020,-0.528
1791000208,42.0157407,-4.4954042,34.7,36.6,0.020,-0.560
1791000209,42.0156579,-4.4954441,35.1,37.2,0.020,-0.586
1791000210,42.0155744,-4.4954864,35.6,37.6,0.020,-0.604
1791000211,42.0154901,-4.4955313,36.2,37.9,0.020,-0.616
1791000212,42.0154052,-4.4955788,36.7,38.0,0.020,-0.620
1791000213,42.0153196,-4.4956289,37.3,37.9,0.020,-0.617
1791000214,42.0152333,-4.4956818,37.9,37.7,0.020,-0.606
1791000215,42.0151463,-4.4957375,38.5,37.3,0.020,-0.588
1791000216,42.0150586,-4.4957961,39.1,36.7,0.020,-0.563
1791000217,42.0149702,-4.4958577,39.7,36.0,0.020,-0.532
1791000218,42.0148810,-4.4959223,40.4,35.1,0.020,-0.494
1791000219,42.0147912,-4.4959900,41.1,34.0,0.020,-0.450
1791000220,42.0147008,-4.4960610,41.8,32.8,0.020,-0.401
1791000221,42.0146097,-4.4961352,42.5,31.4,0.020,-0.347
1791000222,42.0145179,-4.4962128,43.2,30.0,0.020,-0.290
1791000223,42.0144255,-4.4962938,44.0,28.3,0.020,-0.229
1791000224,42.0143326,-4.4963784,44.7,26.6,0.020,-0.165
1791000225,42.0142391,-4.4964666,45.5,24.7,0.020,-0.099
1791000226,42.0141451,-4.4965584,46.3,22.7,0.020,-0.033
1791000227,42.0140506,-4.4966540,47.1,20.7,0.074,-0.020
1791000228,42.0139556,-4.4967534,48.0,18.5,0.140,-0.020
1791000229,42.0138603,-4.4968568,48.8,16.2,0.204,-0.020
1791000230,42.0137645,-4.4969641,49.7,13.9,0.266,-0.020
1791000231,42.0136685,-4.4970755,50.5,11.5,0.325,-0.020
1791000232,42.0135722,-4.4971910,51.4,9.1,0.381,-0.020
1791000233,42.0134757,-4.4973107,52.3,6.6,0.432,-0.020
1791000234,42.0133790,-4.4974347,53.2,4.1,0.478,-0.020
1791000235,42.0132823,-4.4975630,54.1,1.6,0.518,-0.020
1791000236,42.0131855,-4.4976956,55.0,-1.0,0.552,-0.020
1791000237,42.0130887,-4.4978328,56.0,-3.5,0.579,-0.020
1791000238,42.0129921,-4.4979744,56.9,-6.0,0.600,-0.020
1791000239,42.0128956,-4.4981206,57.9,-8.5,0.613,-0.020
1791000240,42.0127994,-4.4982714,58.8,-10.9,0.620,-0.020
1791000241,42.0127035,-4.4984269,59.8,-13.3,0.618,-0.020
1791000242,42.0126080,-4.4985870,60.8,-15.7,0.610,-0.020
1791000243,42.0125130,-4.4987519,61.7,-18.0,0.594,-0.020
1791000244,42.0124186,-4.4989216,62.7,-20.1,0.571,-0.020
1791000245,42.0123248,-4.4990961,63.7,-22.2,0.541,-0.020
1791000246,42.0122317,-4.4992754,64.7,-24.2,0.505,-0.020
1791000247,42.0121395,-4.4994596,65.7,-26.1,0.463,-0.020
1791000248,42.0120482,-4.4996486,66.7,-27.9,0.415,-0.020
1791000249,42.0119579,-4.4998426,67.7,-29.6,0.363,-0.020
1791000250,42.0118687,-4.5000414,68.7,-31.1,0.306,-0.020
1791000251,42.0117807,-4.5002451,69.7,-32.5,0.246,-0.020
1791000252,42.0116940,-4.5004538,70.7,-33.7,0.183,-0.020
1791000253,42.0116086,-4.5006674,71.7,-34.8,0.117,-0.020
1791000254,42.0115248,-4.5008858,72.7,-35.8,0.051,-0.020
1791000255,42.0114426,-4.5011092,73.7,-36.5,0.020,-0.055
1791000256,42.0113620,-4.5013374,74.7,-37.1,0.020,-0.122
1791000257,42.0112833,-4.5015704,75.7,-37.6,0.020,-0.187
1791000258,42.0112064,-4.5018083,76.6,-37.9,0.020,-0.249
1791000259,42.0111315,-4.5020509,77.6,-38.0,0.020,-0.309
1791000260,42.0110587,-4.5022983,78.6,-37.9,0.020,-0.366
1791000261,42.0109881,-4.5025504,79.6,-37.7,0.020,-0.418
1791000262,42.0109198,-4.5028071,80.5,-37.3,0.020,-0.465
1791000263,42.0108539,-4.5030684,81.5,-36.8,0.020,-0.507
1791000264,42.0107905,-4.5033342,82.5,-36.1,0.020,-0.543
1791000265,42.0107297,-4.5036045,83.4,-35.2,0.020,-0.572
1791000266,42.0106715,-4.5038792,84.3,-34.1,0.020,-0.595
1791000267,42.0106162,-4.5041581,85.3,-33.0,0.020,-0.610
1791000268,42.0105637,-4.5044414,86.2,-31.6,0.020,-0.619
1791000269,42.0105142,-4.5047287,87.1,-30.1,0.020,-0.619
1791000270,42.0104678,-4.5050201,88.0,-28.5,0.020,-0.613
1791000271,42.0104245,-4.5053155,88.9,-26.8,0.020,-0.599
1791000272,42.0103845,-4.5056147,89.8,-24.9,0.020,-0.578
1791000273,42.0103478,-4.5059177,90.6,-23.0,0.020,-0.550
1791000274,42.0103146,-4.5062243,91.5,-20.9,0.020,-0.515
1791000275,42.0102849,-4.5065344,92.3,-18.8,0.020,-0.475
1791000276,42.0102587,-4.5068479,93.1,-16.5,0.020,-0.429
1791000277,42.0102363,-4.5071647,93.9,-14.2,0.020,-0.377
1791000278,42.0102175,-4.5074846,94.7,-11.8,0.020,-0.322
1791000279,42.0102026,-4.5078076,95.5,-9.4,0.020,-0.262
1791000280,42.0101916,-4.5081334,96.3,-6.9,0.020,-0.200
1791000281,42.0101846,-4.5084619,97.0,-4.4,0.020,-0.135
1791000282,42.0101815,-4.5087930,97.8,-1.9,0.020,-0.069
1791000283,42.0101826,-4.5091266,98.5,0.7,0.037,-0.020
1791000284,42.0101878,-4.5094624,99.2,3.2,0.104,-0.020
1791000285,42.0101972,-4.5098004,99.8,5.7,0.169,-0.020
1791000286,42.0102108,-4.5101403,100.5,8.2,0.232,-0.020
1791000287,42.0102288,-4.5104820,101.1,10.6,0.293,-0.020
1791000288,42.0102510,-4.5108253,101.7,13.0,0.351,-0.020
1791000289,42.0102777,-4.5111702,102.3,15.4,0.404,-0.020
1791000290,42.0103088,-4.5115163,102.9,17.7,0.453,-0.020
1791000291,42.0103443,-4.5118635,103.5,19.9,0.496,-0.020
1791000292,42.0103843,-4.5122117,104.0,22.0,0.534,-0.020
1791000293,42.0104288,-4.5125606,104.5,24.0,0.565,-0.020
1791000294,42.0104778,-4.5129102,105.0,25.9,0.590,-0.020
1791000295,42.0105314,-4.5132601,105.5,27.7,0.607,-0.020
1791000296,42.0105895,-4.5136103,105.9,29.4,0.617,-0.020
1791000297,42.0106521,-4.5139605,106.4,30.9,0.620,-0.020
1791000298,42.0107194,-4.5143106,106.8,32.3,0.615,-0.020
1791000299,42.0107911,-4.5146604,107.2,33.6,0.603,-0.020
1791000300,42.0108675,-4.5150096,107.5,34.7,0.584,-0.020
1791000301,42.0109483,-4.5153582,107.9,35.6,0.558,-0.020
1791000302,42.0110337,-4.5157059,108.2,36.4,0.526,-0.020
1791000303,42.0111236,-4.5160526,108.5,37.1,0.487,-0.020
1791000304,42.0112180,-4.5163980,108.7,37.6,0.442,-0.020
1791000305,42.0113168,-4.5167420,109.0,37.9,0.392,-0.020
1791000306,42.0114201,-4.5170844,109.2,38.0,0.337,-0.020
1791000307,42.0115278,-4.5174250,109.4,38.0,0.279,-0.020
1791000308,42.0116398,-4.5177636,109.5,37.8,0.217,-0.020
1791000309,42.0117561,-4.5181001,109.7,37.4,0.153,-0.020
1791000310,42.0118766,-4.5184343,109.8,36.9,0.088,-0.020
1791000311,42.0120014,-4.5187660,109.9,36.2,0.021,-0.020
1791000312,42.0121303,-4.5190950,109.9,35.3,0.020,-0.085
1791000313,42.0122633,-4.5194212,110.0,34.3,0.020,-0.151
1791000314,42.0124003,-4.5197444,110.0,33.1,0.020,-0.215
1791000315,42.0125412,-4.5200644,110.0,31.8,0.020,-0.277
1791000316,42.0126860,-4.5203811,110.0,30.3,0.020,-0.335
1791000317,42.0128347,-4.5206944,109.9,28.7,0.020,-0.390
1791000318,42.0129870,-4.5210040,109.8,27.0,0.020,-0.440
1791000319,42.0131430,-4.5213098,109.7,25.2,0.020,-0.485
1791000320,42.0133025,-4.5216117,109.6,23.2,0.020,-0.524
1791000321,42.0134655,-4.5219095,109.4,21.2,0.020,-0.557
1791000322,42.0136319,-4.5222032,109.2,19.0,0.020,-0.584
1791000323,42.0138015,-4.5224924,109.0,16.8,0.020,-0.603
1791000324,42.0139743,-4.5227772,108.8,14.5,0.020,-0.615
1791000325,42.0141502,-4.5230574,108.5,12.1,0.020,-0.620
1791000326,42.0143290,-4.5233329,108.3,9.7,0.020,-0.617
1791000327,42.0145107,-4.5236036,108.0,7.2,0.020,-0.607
1791000328,42.0146952,-4.5238693,107.6,4.7,0.020,-0.590
1791000329,42.0148822,-4.5241299,107.3,2.2,0.020,-0.566
1791000330,42.0150718,-4.5243854,106.9,-0.3,0.020,-0.535
1791000331,42.0152638,-4.5246357,106.5,-2.9,0.020,-0.498
1791000332,42.0154581,-4.5248806,106.1,-5.4,0.020,-0.455
1791000333,42.0156545,-4.5251201,105.6,-7.9,0.020,-0.406
1791000334,42.0158530,-4.5253541,105.2,-10.3,0.020,-0.353
1791000335,42.0160534,-4.5255826,104.7,-12.8,0.020,-0.295
1791000336,42.0162556,-4.5258053,104.2,-15.1,0.020,-0.235
1791000337,42.0164595,-4.5260224,103.7,-17.4,0.020,-0.171
1791000338,42.0166649,-4.5262338,103.1,-19.6,0.020,-0.106
1791000339,42.0168718,-4.5264393,102.5,-21.7,0.020,-0.039
1791000340,42.0170799,-4.5266389,101.9,-23.8,0.067,-0.020
1791000341,42.0172892,-4.5268327,101.3,-25.7,0.133,-0.020
1791000342,42.0174996,-4.5270206,100.7,-27.5,0.198,-0.020
1791000343,42.0177108,-4.5272025,100.0,-29.2,0.260,-0.020
1791000344,42.0179229,-4.5273784,99.4,-30.7,0.320,-0.020
1791000345,42.0181355,-4.5275483,98.7,-32.2,0.376,-0.020
1791000346,42.0183488,-4.5277122,98.0,-33.4,0.427,-0.020
1791000347,42.0185624,-4.5278701,97.3,-34.6,0.473,-0.020
1791000348,42.0187763,-4.5280220,96.5,-35.5,0.514,-0.020
1791000349,42.0189903,-4.5281679,95.8,-36.4,0.549,-0.020
1791000350,42.0192044,-4.5283079,95.0,-37.0,0.577,-0.020
1791000351,42.0194183,-4.5284418,94.2,-37.5,0.598,-0.020
1791000352,42.0196321,-4.5285698,93.4,-37.8,0.612,-0.020
1791000353,42.0198455,-4.5286919,92.6,-38.0,0.619,-0.020
1791000354,42.0200584,-4.5288081,91.7,-38.0,0.619,-0.020
1791000355,42.0202708,-4.5289184,90.9,-37.8,0.611,-0.020
1791000356,42.0204825,-4.5290230,90.0,-37.4,0.596,-0.020
1791000357,42.0206933,-4.5291218,89.2,-36.9,0.573,-0.020
1791000358,42.0209033,-4.5292149,88.3,-36.2,0.544,-0.020
1791000359,42.0211122,-4.5293023,87.4,-35.4,0.509,-0.020
1791000360,42.0213200,-4.5293842,86.5,-34.4,0.467,-0.020
1791000361,42.0215266,-4.5294605,85.6,-33.3,0.420,-0.020
1791000362,42.0217318,-4.5295314,84.6,-32.0,0.368,-0.020
1791000363,42.0219357,-4.5295969,83.7,-30.5,0.312,-0.020
1791000364,42.0221379,-4.5296572,82.8,-28.9,0.252,-0.020
1791000365,42.0223386,-4.5297122,81.8,-27.2,0.189,-0.020
1791000366,42.0225375,-4.5297621,80.9,-25.4,0.124,-0.020
1791000367,42.0227347,-4.5298069,79.9,-23.5,0.058,-0.020
1791000368,42.0229300,-4.5298469,78.9,-21.4,0.020,-0.049
1791000369,42.0231233,-4.5298819,77.9,-19.3,0.020,-0.115
1791000370,42.0233146,-4.5299122,77.0,-17.1,0.020,-0.180
1791000371,42.0235037,-4.5299379,76.0,-14.8,0.020,-0.243
1791000372,42.0236907,-4.5299590,75.0,-12.4,0.020,-0.304
1791000373,42.0238754,-4.5299756,74.0,-10.0,0.020,-0.361
1791000374,42.0240579,-4.5299880,73.0,-7.5,0.020,-0.413
1791000375,42.0242379,-4.5299960,72.0,-5.0,0.020,-0.461
1791000376,42.0244156,-4.5300000,71.0,-2.5,0.020,-0.503
1791000377,42.0245907,-4.5300000,70.0,0.0,0.020,-0.540
1791000378,42.0247633,-4.5299961,69.0,2.6,0.020,-0.570
1791000379,42.0249334,-4.5299883,68.0,5.1,0.020,-0.593
1791000380,42.0251008,-4.5299770,67.0,7.6,0.020,-0.609
1791000381,42.0252656,-4.5299620,66.0,10.0,0.020,-0.618
1791000382,42.0254277,-4.5299437,65.0,12.5,0.020,-0.620
1791000383,42.0255871,-4.5299220,64.0,14.8,0.020,-0.614
1791000384,42.0257438,-4.5298971,63.0,17.1,0.020,-0.601
1791000385,42.0258977,-4.5298691,62.0,19.3,0.020,-0.580
1791000386,42.0260488,-4.5298382,61.1,21.5,0.020,-0.553
1791000387,42.0261971,-4.5298044,60.1,23.5,0.020,-0.519
1791000388,42.0263426,-4.5297679,59.1,25.5,0.020,-0.479
1791000389,42.0264852,-4.5297287,58.2,27.3,0.020,-0.433
1791000390,42.0266251,-4.5296870,57.2,29.0,0.020,-0.383
1791000391,42.0267621,-4.5296429,56.3,30.6,0.020,-0.327
1791000392,42.0268962,-4.5295965,55.3,32.0,0.020,-0.268
1791000393,42.0270276,-4.5295479,54.4,33.3,0.020,-0.206
1791000394,42.0271561,-4.5294972,53.5,34.4,0.020,-0.142
1791000395,42.0272819,-4.5294445,52.6,35.4,0.020,-0.076
1791000396,42.0274048,-4.5293899,51.7,36.3,0.031,-0.020
1791000397,42.0275250,-4.5293336,50.8,36.9,0.097,-0.020
1791000398,42.0276424,-4.5292756,49.9,37.5,0.163,-0.020
1791000399,42.0277570,-4.5292159,49.1,37.8,0.226,-0.020
1791000400,42.0278690,-4.5291548,48.2,38.0,0.288,-0.020
1791000401,42.0279782,-4.5290922,47.4,38.0,0.345,-0.020
1791000402,42.0280849,-4.5290283,46.6,37.8,0.399,-0.020
1791000403,42.0281888,-4.5289632,45.8,37.5,0.449,-0.020
1791000404,42.0282902,-4.5288969,45.0,37.0,0.492,-0.020
1791000405,42.0283891,-4.5288294,44.2,36.3,0.531,-0.020
1791000406,42.0284854,-4.5287610,43.5,35.5,0.562,-0.020
1791000407,42.0285792,-4.5286916,42.7,34.5,0.587,-0.020
1791000408,42.0286706,-4.5286213,42.0,33.4,0.606,-0.020
1791000409,42.0287596,-4.5285501,41.3,32.1,0.616,-0.020
1791000410,42.0288462,-4.5284782,40.6,30.7,0.620,-0.020
1791000411,42.0289305,-4.5284055,39.9,29.2,0.616,-0.020
1791000412,42.0290126,-4.5283322,39.3,27.5,0.605,-0.020
1791000413,42.0290924,-4.5282582,38.7,25.7,0.586,-0.020
1791000414,42.0291701,-4.5281837,38.0,23.7,0.561,-0.020
1791000415,42.0292457,-4.5281086,37.5,21.7,0.529,-0.020
1791000416,42.0293191,-4.5280329,36.9,19.6,0.491,-0.020
1791000417,42.0293906,-4.5279568,36.3,17.4,0.446,-0.020
1791000418,42.0294601,-4.5278802,35.8,15.1,0.397,-0.020
1791000419,42.0295276,-4.5278032,35.3,12.7,0.343,-0.020
1791000420,42.0295933,-4.5277257,34.8,10.3,0.285,-0.020
1791000421,42.0296572,-4.5276478,34.3,7.8,0.224,-0.020
1791000422,42.0297192,-4.5275695,33.9,5.3,0.160,-0.020
1791000423,42.0297796,-4.5274908,33.5,2.8,0.094,-0.020
1791000424,42.0298382,-4.5274117,33.1,0.3,0.028,-0.020
1791000425,42.0298953,-4.5273322,32.7,-2.2,0.020,-0.079
1791000426,42.0299507,-4.5272522,32.4,-4.8,0.020,-0.145
1791000427,42.0300046,-4.5271719,32.0,-7.3,0.020,-0.209
1791000428,42.0300570,-4.5270911,31.7,-9.7,0.020,-0.271
1791000429,42.0301080,-4.5270099,31.5,-12.2,0.020,-0.330
1791000430,42.0301575,-4.5269282,31.2,-14.5,0.020,-0.385
1791000431,42.0302057,-4.5268460,31.0,-16.8,0.020,-0.436
1791000432,42.0302525,-4.5267633,30.8,-19.1,0.020,-0.481
1791000433,42.0302980,-4.5266800,30.6,-21.2,0.020,-0.521
1791000434,42.0303423,-4.5265962,30.4,-23.3,0.020,-0.554
1791000435,42.0303854,-4.5265118,30.3,-25.2,0.020,-0.581
1791000436,42.0304272,-4.5264266,30.2,-27.1,0.020,-0.601
1791000437,42.0304679,-4.5263408,30.1,-28.8,0.020,-0.614
1791000438,42.0305075,-4.5262543,30.0,-30.4,0.020,-0.620
1791000439,42.0305459,-4.5261670,30.0,-31.8,0.020,-0.618
1791000440,42.0305832,-4.5260788,30.0,-33.1,0.020,-0.609
1791000441,42.0306195,-4.5259898,30.0,-34.3,0.020,-0.592
1791000442,42.0306547,-4.5258998,30.1,-35.3,0.020,-0.569
1791000443,42.0306889,-4.5258088,30.1,-36.2,0.020,-0.538
1791000444,42.0307221,-4.5257168,30.2,-36.9,0.020,-0.502
1791000445,42.0307542,-4.5256237,30.3,-37.4,0.020,-0.459
1791000446,42.0307854,-4.5255295,30.5,-37.8,0.020,-0.411
1791000447,42.0308155,-4.5254341,30.6,-38.0,0.020,-0.358
1791000448,42.0308447,-4.5253373,30.8,-38.0,0.020,-0.301
1791000449,42.0308728,-4.5252393,31.0,-37.9,0.020,-0.241
1791000450,42.0309000,-4.5251399,31.3,-37.5,0.020,-0.177
1791000451,42.0309261,-4.5250390,31.6,-37.1,0.020,-0.112
1791000452,42.0309512,-4.5249367,31.8,-36.4,0.020,-0.046
1791000453,42.0309753,-4.5248328,32.2,-35.6,0.061,-0.020
1791000454,42.0309983,-4.5247272,32.5,-34.7,0.127,-0.020
1791000455,42.0310203,-4.5246200,32.8,-33.6,0.192,-0.020
1791000456,42.0310412,-4.5245111,33.2,-32.3,0.254,-0.020
1791000457,42.0310610,-4.5244003,33.6,-30.9,0.314,-0.020
1791000458,42.0310796,-4.5242877,34.1,-29.4,0.370,-0.020
1791000459,42.0310971,-4.5241733,34.5,-27.7,0.422,-0.020
1791000460,42.0311134,-4.5240568,35.0,-25.9,0.469,-0.020
1791000461,42.0311285,-4.5239384,35.5,-24.0,0.510,-0.020
1791000462,42.0311423,-4.5238179,36.0,-22.0,0.546,-0.020
1791000463,42.0311548,-4.5236953,36.5,-19.8,0.575,-0.020
1791000464,42.0311660,-4.5235706,37.1,-17.6,0.597,-0.020
1791000465,42.0311758,-4.5234437,37.7,-15.4,0.611,-0.020
1791000466,42.0311841,-4.5233146,38.3,-13.0,0.619,-0.020
1791000467,42.0311910,-4.5231832,38.9,-10.6,0.619,-0.020
1791000468,42.0311963,-4.5230495,39.5,-8.1,0.612,-0.020
1791000469,42.0312001,-4.5229135,40.2,-5.7,0.597,-0.020
1791000470,42.0312022,-4.5227752,40.9,-3.1,0.576,-0.020
1791000471,42.0312026,-4.5226344,41.5,-0.6,0.547,-0.020
1791000472,42.0312013,-4.5224913,42.3,1.9,0.512,-0.020
1791000473,42.0311981,-4.5223457,43.0,4.5,0.471,-0.020
1791000474,42.0311931,-4.5221977,43.7,7.0,0.425,-0.020
1791000475,42.0311861,-4.5220473,44.5,9.4,0.373,-0.020
1791000476,42.0311771,-4.5218944,45.3,11.9,0.317,-0.020
1791000477,42.0311661,-4.5217391,46.1,14.2,0.258,-0.020
1791000478,42.0311529,-4.5215813,46.9,16.6,0.195,-0.020
1791000479,42.0311375,-4.5214210,47.7,18.8,0.130,-0.020
1791000480,42.0311198,-4.5212584,48.5,21.0,0.064,-0.020
1791000481,42.0310998,-4.5210933,49.4,23.0,0.020,-0.042
1791000482,42.0310774,-4.5209258,50.3,25.0,0.020,-0.109
1791000483,42.0310524,-4.5207559,51.1,26.8,0.020,-0.174
1791000484,42.0310250,-4.5205837,52.0,28.6,0.020,-0.237
1791000485,42.0309949,-4.5204091,52.9,30.2,0.020,-0.298
1791000486,42.0309621,-4.5202323,53.8,31.6,0.020,-0.355
1791000487,42.0309265,-4.5200532,54.7,33.0,0.020,-0.408
1791000488,42.0308881,-4.5198719,55.7,34.2,0.020,-0.457
1791000489,42.0308468,-4.5196885,56.6,35.2,0.020,-0.500
1791000490,42.0308024,-4.5195030,57.6,36.1,0.020,-0.537
1791000491,42.0307551,-4.5193154,58.5,36.8,0.020,-0.567
1791000492,42.0307046,-4.5191259,59.5,37.3,0.020,-0.591
1791000493,42.0306510,-4.5189345,60.4,37.7,0.020,-0.608
1791000494,42.0305940,-4.5187412,61.4,37.9,0.020,-0.618
1791000495,42.0305338,-4.5185463,62.4,38.0,0.020,-0.620
1791000496,42.0304702,-4.5183496,63.4,37.9,0.020,-0.615
1791000497,42.0304032,-4.5181513,64.4,37.6,0.020,-0.602
1791000498,42.0303326,-4.5179516,65.4,37.1,0.020,-0.582
1791000499,42.0302585,-4.5177505,66.4,36.5,0.020,-0.556
1791000500,42.0301808,-4.5175480,67.3,35.7,0.020,-0.523
1791000501,42.0300994,-4.5173444,68.3,34.8,0.020,-0.483
1791000502,42.0300142,-4.5171397,69.3,33.7,0.020,-0.438
1791000503,42.0299253,-4.5169340,70.3,32.5,0.020,-0.388
1791000504,42.0298326,-4.5167275,71.3,31.1,0.020,-0.333
1791000505,42.0297360,-4.5165202,72.3,29.5,0.020,-0.274
1791000506,42.0296356,-4.5163123,73.3,27.9,0.020,-0.212
1791000507,42.0295311,-4.5161039,74.3,26.1,0.020,-0.148
1791000508,42.0294227,-4.5158951,75.3,24.2,0.020,-0.082
1791000509,42.0293103,-4.5156861,76.3,22.2,0.024,-0.020
1791000510,42.0291938,-4.5154770,77.3,20.1,0.091,-0.020
1791000511,42.0290733,-4.5152680,78.3,17.9,0.156,-0.020
1791000512,42.0289487,-4.5150591,79.3,15.6,0.220,-0.020
1791000513,42.0288200,-4.5148505,80.2,13.3,0.282,-0.020
1791000514,42.0286871,-4.5146424,81.2,10.9,0.340,-0.020
1791000515,42.0285501,-4.5144349,82.2,8.4,0.394,-0.020
1791000516,42.0284090,-4.5142282,83.1,6.0,0.444,-0.020
1791000517,42.0282637,-4.5140224,84.0,3.4,0.488,-0.020
1791000518,42.0281142,-4.5138176,85.0,0.9,0.527,-0.020
1791000519,42.0279606,-4.5136141,85.9,-1.6,0.560,-0.020
1791000520,42.0278029,-4.5134119,86.8,-4.1,0.585,-0.020
1791000521,42.0276410,-4.5132112,87.7,-6.6,0.604,-0.020
1791000522,42.0274750,-4.5130122,88.6,-9.1,0.616,-0.020
1791000523,42.0273049,-4.5128151,89.5,-11.6,0.620,-0.020
1791000524,42.0271308,-4.5126199,90.3,-13.9,0.617,-0.020
1791000525,42.0269526,-4.5124269,91.2,-16.3,0.606,-0.020
1791000526,42.0267703,-4.5122362,92.0,-18.5,0.589,-0.020
1791000527,42.0265841,-4.5120480,92.9,-20.7,0.564,-0.020
1791000528,42.0263940,-4.5118624,93.7,-22.8,0.532,-0.020
1791000529,42.0261999,-4.5116795,94.5,-24.7,0.495,-0.020
1791000530,42.0260020,-4.5114996,95.3,-26.6,0.451,-0.020
1791000531,42.0258003,-4.5113227,96.0,-28.4,0.402,-0.020
1791000532,42.0255949,-4.5111491,96.8,-30.0,0.348,-0.020
1791000533,42.0253857,-4.5109788,97.5,-31.5,0.291,-0.020
1791000534,42.0251730,-4.5108121,98.2,-32.8,0.230,-0.020
1791000535,42.0249567,-4.5106491,98.9,-34.0,0.166,-0.020
1791000536,42.0247369,-4.5104898,99.6,-35.1,0.101,-0.020
1791000537,42.0245137,-4.5103345,100.3,-36.0,0.034,-0.020
1791000538,42.0242872,-4.5101833,100.9,-36.7,0.020,-0.072
1791000539,42.0240574,-4.5100364,101.5,-37.3,0.020,-0.138
1791000540,42.0238245,-4.5098938,102.2,-37.7,0.020,-0.203
1791000541,42.0235885,-4.5097556,102.7,-37.9,0.020,-0.265
1791000542,42.0233496,-4.5096221,103.3,-38.0,0.020,-0.324
1791000543,42.0231077,-4.5094934,103.8,-37.9,0.020,-0.380
1791000544,42.0228631,-4.5093694,104.4,-37.6,0.020,-0.431
1791000545,42.0226158,-4.5092505,104.9,-37.2,0.020,-0.477
1791000546,42.0223660,-4.5091366,105.3,-36.6,0.020,-0.517
1791000547,42.0221137,-4.5090279,105.8,-35.8,0.020,-0.551
1791000548,42.0218590,-4.5089245,106.2,-34.9,0.020,-0.579
1791000549,42.0216022,-4.5088265,106.7,-33.9,0.020,-0.600
1791000550,42.0213432,-4.5087339,107.0,-32.6,0.020,-0.613
1791000551,42.0210822,-4.5086469,107.4,-31.3,0.020,-0.620
1791000552,42.0208193,-4.5085656,107.7,-29.7,0.020,-0.618
1791000553,42.0205547,-4.5084899,108.1,-28.1,0.020,-0.610
1791000554,42.0202885,-4.5084201,108.4,-26.3,0.020,-0.594
1791000555,42.0200208,-4.5083561,108.6,-24.5,0.020,-0.571
1791000556,42.0197517,-4.5082980,108.9,-22.5,0.020,-0.542
1791000557,42.0194814,-4.5082459,109.1,-20.4,0.020,-0.506
1791000558,42.0192100,-4.5081998,109.3,-18.2,0.020,-0.464
1791000559,42.0189376,-4.5081598,109.5,-15.9,0.020,-0.416
1791000560,42.0186645,-4.5081259,109.6,-13.6,0.020,-0.364
1791000561,42.0183906,-4.5080981,109.7,-11.2,0.020,-0.307
1791000562,42.0181161,-4.5080765,109.8,-8.8,0.020,-0.247
1791000563,42.0178413,-4.5080611,109.9,-6.3,0.020,-0.184
1791000564,42.0175662,-4.5080519,110.0,-3.8,0.020,-0.119
1791000565,42.0172909,-4.5080489,110.0,-1.2,0.020,-0.052
1791000566,42.0170157,-4.5080520,110.0,1.3,0.054,-0.020
1791000567,42.0167405,-4.5080614,110.0,3.8,0.120,-0.020
1791000568,42.0164657,-4.5080770,109.9,6.3,0.185,-0.020
1791000569,42.0161913,-4.5080988,109.8,8.8,0.248,-0.020
1791000570,42.0159174,-4.5081267,109.7,11.3,0.308,-0.020
1791000571,42.0156443,-4.5081608,109.6,13.7,0.365,-0.020
1791000572,42.0153719,-4.5082010,109.5,16.0,0.417,-0.020
1791000573,42.0151005,-4.5082472,109.3,18.2,0.465,-0.020
1791000574,42.0148303,-4.5082995,109.1,20.4,0.507,-0.020
1791000575,42.0145612,-4.5083577,108.9,22.5,0.543,-0.020
1791000576,42.0142936,-4.5084219,108.6,24.5,0.572,-0.020
1791000577,42.0140274,-4.5084919,108.4,26.4,0.595,-0.020
1791000578,42.0137628,-4.5085677,108.1,28.1,0.610,-0.020
1791000579,42.0135000,-4.5086492,107.7,29.8,0.619,-0.020
1791000580,42.0132391,-4.5087363,107.4,31.3,0.619,-0.020
1791000581,42.0129801,-4.5088290,107.0,32.7,0.613,-0.020
1791000582,42.0127233,-4.5089272,106.6,33.9,0.599,-0.020
1791000583,42.0124687,-4.5090307,106.2,35.0,0.578,-0.020
1791000584,42.0122165,-4.5091396,105.8,35.9,0.550,-0.020
1791000585,42.0119667,-4.5092536,105.3,36.6,0.516,-0.020
1791000586,42.0117195,-4.5093727,104.9,37.2,0.476,-0.020
1791000587,42.0114750,-4.5094967,104.4,37.6,0.430,-0.020
1791000588,42.0112332,-4.5096256,103.8,37.9,0.378,-0.020
1791000589,42.0109943,-4.5097593,103.3,38.0,0.323,-0.020
1791000590,42.0107584,-4.5098975,102.7,37.9,0.263,-0.020
1791000591,42.0105256,-4.5100402,102.1,37.7,0.201,-0.020
1791000592,42.0102959,-4.5101873,101.5,37.3,0.137,-0.020
1791000593,42.0100695,-4.5103386,100.9,36.7,0.071,-0.020
1791000594,42.0098464,-4.5104940,100.3,35.9,0.020,-0.036
1791000595,42.0096267,-4.5106534,99.6,35.0,0.020,-0.102
1791000596,42.0094105,-4.5108165,98.9,34.0,0.020,-0.168
1791000597,42.0091978,-4.5109833,98.2,32.8,0.020,-0.231
1791000598,42.0089888,-4.5111537,97.5,31.4,0.020,-0.292
1791000599,42.0087835,-4.5113274,96.8,29.9,0.020,-0.350
1791000600,42.0085818,-4.5115043,96.0,28.3,0.020,-0.403
1791000601,42.0083840,-4.5116843,95.2,26.6,0.020,-0.452
1791000602,42.0081901,-4.5118673,94.5,24.7,0.020,-0.496
1791000603,42.0080000,-4.5120530,93.7,22.7,0.020,-0.533
1791000604,42.0078139,-4.5122413,92.8,20.6,0.020,-0.565
1791000605,42.0076318,-4.5124321,92.0,18.5,0.020,-0.589
1791000606,42.0074537,-4.5126251,91.2,16.2,0.020,-0.607
1791000607,42.0072797,-4.5128203,90.3,13.9,0.020,-0.617
1791000608,42.0071097,-4.5130175,89.5,11.5,0.020,-0.620
1791000609,42.0069438,-4.5132165,88.6,9.1,0.020,-0.616
1791000610,42.0067820,-4.5134172,87.7,6.6,0.020,-0.604
1791000611,42.0066244,-4.5136195,86.8,4.1,0.020,-0.585
1791000612,42.0064709,-4.5138231,85.9,1.5,0.020,-0.559
1791000613,42.0063216,-4.5140278,84.9,-1.0,0.020,-0.526
1791000614,42.0061764,-4.5142337,84.0,-3.5,0.020,-0.487
1791000615,42.0060354,-4.5144405,83.1,-6.0,0.020,-0.443
1791000616,42.0058985,-4.5146480,82.1,-8.5,0.020,-0.393
1791000617,42.0057657,-4.5148561,81.2,-11.0,0.020,-0.338
1791000618,42.0056371,-4.5150647,80.2,-13.4,0.020,-0.280
1791000619,42.0055126,-4.5152735,79.2,-15.7,0.020,-0.219
1791000620,42.0053922,-4.5154826,78.3,-18.0,0.020,-0.155
1791000621,42.0052758,-4.5156917,77.3,-20.2,0.020,-0.089
1791000622,42.0051635,-4.5159007,76.3,-22.3,0.020,-0.022
1791000623,42.0050552,-4.5161095,75.3,-24.3,0.084,-0.020
1791000624,42.0049509,-4.5163179,74.3,-26.2,0.150,-0.020
1791000625,42.0048505,-4.5165257,73.3,-27.9,0.214,-0.020
1791000626,42.0047540,-4.5167330,72.3,-29.6,0.276,-0.020
1791000627,42.0046614,-4.5169395,71.3,-31.1,0.334,-0.020
1791000628,42.0045726,-4.5171452,70.3,-32.5,0.389,-0.020
1791000629,42.0044876,-4.5173499,69.3,-33.7,0.439,-0.020
1791000630,42.0044063,-4.5175535,68.3,-34.8,0.484,-0.020
1791000631,42.0043287,-4.5177559,67.3,-35.8,0.524,-0.020
1791000632,42.0042546,-4.5179569,66.3,-36.5,0.557,-0.020
1791000633,42.0041842,-4.5181566,65.3,-37.2,0.583,-0.020
1791000634,42.0041172,-4.5183548,64.3,-37.6,0.603,-0.020
1791000635,42.0040537,-4.5185515,63.3,-37.9,0.615,-0.020
1791000636,42.0039936,-4.5187464,62.4,-38.0,0.620,-0.020
1791000637,42.0039367,-4.5189396,61.4,-37.9,0.617,-0.020
1791000638,42.0038832,-4.5191310,60.4,-37.7,0.608,-0.020
1791000639,42.0038328,-4.5193205,59.4,-37.3,0.591,-0.020
1791000640,42.0037855,-4.5195080,58.5,-36.8,0.567,-0.020
1791000641,42.0037413,-4.5196934,57.5,-36.0,0.536,-0.020
1791000642,42.0037000,-4.5198768,56.6,-35.2,0.499,-0.020
1791000643,42.0036617,-4.5200580,55.6,-34.1,0.455,-0.020
1791000644,42.0036262,-4.5202370,54.7,-32.9,0.407,-0.020
1791000645,42.0035935,-4.5204138,53.8,-31.6,0.354,-0.020
1791000646,42.0035634,-4.5205883,52.9,-30.1,0.296,-0.020
1791000647,42.0035360,-4.5207604,52.0,-28.5,0.236,-0.020
1791000648,42.0035112,-4.5209303,51.1,-26.8,0.172,-0.020
1791000649,42.0034888,-4.5210977,50.2,-24.9,0.107,-0.020
1791000650,42.0034689,-4.5212627,49.4,-23.0,0.041,-0.020
1791000651,42.0034512,-4.5214253,48.5,-20.9,0.020,-0.066
1791000652,42.0034359,-4.5215855,47.7,-18.7,0.020,-0.132
1791000653,42.0034228,-4.5217432,46.9,-16.5,0.020,-0.197
1791000654,42.0034118,-4.5218985,46.0,-14.2,0.020,-0.259
1791000655,42.0034028,-4.5220513,45.3,-11.8,0.020,-0.319
1791000656,42.0033959,-4.5222017,44.5,-9.4,0.020,-0.375
1791000657,42.0033909,-4.5223496,43.7,-6.9,0.020,-0.426
1791000658,42.0033878,-4.5224951,43.0,-4.4,0.020,-0.473
1791000659,42.0033865,-4.5226382,42.2,-1.9,0.020,-0.513
1791000660,42.0033870,-4.5227789,41.5,0.7,0.020,-0.548
1791000661,42.0033892,-4.5229172,40.8,3.2,0.020,-0.577
1791000662,42.0033929,-4.5230531,40.2,5.7,0.020,-0.598
1791000663,42.0033983,-4.5231867,39.5,8.2,0.020,-0.612
1791000664,42.0034052,-4.5233181,38.9,10.7,0.020,-0.619
1791000665,42.0034136,-4.5234471,38.2,13.1,0.020,-0.619
1791000666,42.0034234,-4.5235740,37.6,15.4,0.020,-0.611
1791000667,42.0034347,-4.5236986,37.1,17.7,0.020,-0.596
1791000668,42.0034472,-4.5238212,36.5,19.9,0.020,-0.574
1791000669,42.0034610,-4.5239416,36.0,22.0,0.020,-0.545
1791000670,42.0034762,-4.5240600,35.5,24.0,0.020,-0.509
1791000671,42.0034925,-4.5241763,35.0,25.9,0.020,-0.468
1791000672,42.0035100,-4.5242908,34.5,27.7,0.020,-0.421
1791000673,42.0035287,-4.5244033,34.0,29.4,0.020,-0.369
1791000674,42.0035485,-4.5245140,33.6,30.9,0.020,-0.313
1791000675,42.0035694,-4.5246229,33.2,32.3,0.020,-0.253
1791000676,42.0035914,-4.5247301,32.8,33.6,0.020,-0.190
1791000677,42.0036145,-4.5248355,32.5,34.7,0.020,-0.125
1791000678,42.0036386,-4.5249394,32.1,35.7,0.020,-0.059
1791000679,42.0036638,-4.5250417,31.8,36.5,0.048,-0.020
1791000680,42.0036899,-4.5251426,31.5,37.1,0.114,-0.020
1791000681,42.0037171,-4.5252419,31.3,37.6,0.179,-0.020
1791000682,42.0037453,-4.5253399,31.0,37.9,0.242,-0.020
1791000683,42.0037744,-4.5254366,30.8,38.0,0.303,-0.020
1791000684,42.0038046,-4.5255320,30.6,38.0,0.360,-0.020
1791000685,42.0038358,-4.5256262,30.5,37.8,0.412,-0.020
1791000686,42.0038679,-4.5257193,30.3,37.4,0.460,-0.020
1791000687,42.0039011,-4.5258113,30.2,36.8,0.503,-0.020
1791000688,42.0039353,-4.5259022,30.1,36.1,0.539,-0.020
1791000689,42.0039706,-4.5259921,30.1,35.3,0.569,-0.020
1791000690,42.0040069,-4.5260812,30.0,34.3,0.593,-0.020
1791000691,42.0040443,-4.5261693,30.0,33.1,0.609,-0.020
1791000692,42.0040827,-4.5262566,30.0,31.8,0.618,-0.020
1791000693,42.0041223,-4.5263431,30.0,30.3,0.620,-0.020
1791000694,42.0041630,-4.5264289,30.1,28.7,0.614,-0.020
1791000695,42.0042049,-4.5265140,30.2,27.0,0.601,-0.020
1791000696,42.0042480,-4.5265984,30.3,25.2,0.581,-0.020
1791000697,42.0042923,-4.5266823,30.4,23.2,0.553,-0.020
1791000698,42.0043379,-4.5267655,30.6,21.2,0.520,-0.020
1791000699,42.0043848,-4.5268482,30.8,19.0,0.480,-0.020
1791000700,42.0044330,-4.5269304,31.0,16.8,0.434,-0.020
1791000701,42.0044825,-4.5270121,31.2,14.5,0.384,-0.020
1791000702,42.0045335,-4.5270933,31.5,12.1,0.328,-0.020
1791000703,42.0045860,-4.5271740,31.7,9.7,0.269,-0.020
1791000704,42.0046399,-4.5272544,32.0,7.2,0.207,-0.020
1791000705,42.0046954,-4.5273343,32.4,4.7,0.143,-0.020
1791000706,42.0047525,-4.5274138,32.7,2.2,0.077,-0.020
1791000707,42.0048112,-4.5274929,33.1,-0.4,0.020,-0.029
1791000708,42.0048716,-4.5275716,33.5,-2.9,0.020,-0.096
1791000709,42.0049337,-4.5276499,33.9,-5.4,0.020,-0.161
1791000710,42.0049976,-4.5277277,34.4,-7.9,0.020,-0.225
1791000711,42.0050633,-4.5278052,34.8,-10.4,0.020,-0.286
1791000712,42.0051309,-4.5278822,35.3,-12.8,0.020,-0.344
1791000713,42.0052005,-4.5279588,35.8,-15.1,0.020,-0.398
1791000714,42.0052720,-4.5280350,36.4,-17.4,0.020,-0.448
1791000715,42.0053455,-4.5281106,36.9,-19.6,0.020,-0.492
1791000716,42.0054211,-4.5281857,37.5,-21.8,0.020,-0.530
1791000717,42.0054988,-4.5282602,38.1,-23.8,0.020,-0.562
1791000718,42.0055787,-4.5283342,38.7,-25.7,0.020,-0.587
1791000719,42.0056609,-4.5284075,39.3,-27.5,0.020,-0.605
1791000720,42.0057452,-4.5284801,40.0,-29.2,0.020,-0.616
1791000721,42.0058319,-4.5285520,40.6,-30.7,0.020,-0.620
1791000722,42.0059210,-4.5286231,41.3,-32.2,0.020,-0.616
1791000723,42.0060124,-4.5286934,42.0,-33.4,0.020,-0.605
1791000724,42.0061063,-4.5287628,42.7,-34.6,0.020,-0.587
1791000725,42.0062027,-4.5288312,43.5,-35.5,0.020,-0.562
1791000726,42.0063016,-4.5288986,44.2,-36.4,0.020,-0.530
1791000727,42.0064031,-4.5289649,45.0,-37.0,0.020,-0.491
1791000728,42.0065071,-4.5290300,45.8,-37.5,0.020,-0.447
1791000729,42.0066138,-4.5290939,46.6,-37.8,0.020,-0.398
1791000730,42.0067231,-4.5291564,47.4,-38.0,0.020,-0.344
1791000731,42.0068352,-4.5292175,48.3,-38.0,0.020,-0.286
1791000732,42.0069499,-4.5292771,49.1,-37.8,0.020,-0.225
1791000733,42.0070674,-4.5293351,50.0,-37.4,0.020,-0.161
1791000734,42.0071876,-4.5293914,50.8,-36.9,0.020,-0.095
1791000735,42.0073106,-4.5294459,51.7,-36.2,0.020,-0.029
1791000736,42.0074364,-4.5294985,52.6,-35.4,0.078,-0.020
1791000737,42.0075650,-4.5295492,53.5,-34.4,0.144,-0.020
1791000738,42.0076965,-4.5295977,54.4,-33.3,0.208,-0.020
1791000739,42.0078307,-4.5296441,55.4,-32.0,0.270,-0.020
1791000740,42.0079678,-4.5296881,56.3,-30.5,0.329,-0.020
1791000741,42.0081077,-4.5297297,57.2,-28.9,0.384,-0.020
1791000742,42.0082505,-4.5297689,58.2,-27.2,0.435,-0.020
1791000743,42.0083960,-4.5298053,59.2,-25.4,0.480,-0.020
1791000744,42.0085444,-4.5298391,60.1,-23.5,0.520,-0.020
1791000745,42.0086956,-4.5298699,61.1,-21.4,0.554,-0.020
1791000746,42.0088495,-4.5298978,62.1,-19.3,0.581,-0.020
1791000747,42.0090063,-4.5299226,63.1,-17.1,0.601,-0.020
1791000748,42.0091657,-4.5299442,64.0,-14.8,0.614,-0.020
1791000749,42.0093279,-4.5299625,65.0,-12.4,0.620,-0.020
1791000750,42.0094928,-4.5299773,66.0,-10.0,0.618,-0.020
1791000751,42.0096603,-4.5299886,67.0,-7.5,0.609,-0.020
1791000752,42.0098304,-4.5299962,68.0,-5.0,0.593,-0.020
1791000753,42.0100031,-4.5300000,69.0,-2.5,0.569,-0.020
1791000754,42.0101783,-4.5300000,70.0,0.0,0.539,-0.020
1791000755,42.0103560,-4.5299959,71.0,2.6,0.502,-0.020
1791000756,42.0105361,-4.5299877,72.0,5.1,0.460,-0.020
1791000757,42.0107186,-4.5299752,73.0,7.6,0.412,-0.020
1791000758,42.0109034,-4.5299585,74.0,10.1,0.359,-0.020
1791000759,42.0110905,-4.5299372,75.0,12.5,0.302,-0.020
1791000760,42.0112797,-4.5299115,76.0,14.8,0.242,-0.020
1791000761,42.0114710,-4.5298810,77.0,17.1,0.179,-0.020
1791000762,42.0116644,-4.5298459,78.0,19.4,0.113,-0.020
1791000763,42.0118597,-4.5298058,78.9,21.5,0.047,-0.020
1791000764,42.0120569,-4.5297608,79.9,23.5,0.020,-0.060
1791000765,42.0122559,-4.5297108,80.9,25.5,0.020,-0.126
1791000766,42.0124566,-4.5296556,81.8,27.3,0.020,-0.190
1791000767,42.0126589,-4.5295953,82.8,29.0,0.020,-0.253
1791000768,42.0128628,-4.5295296,83.7,30.6,0.020,-0.313
1791000769,42.0130681,-4.5294586,84.7,32.0,0.020,-0.369
1791000770,42.0132747,-4.5293821,85.6,33.3,0.020,-0.421
1791000771,42.0134825,-4.5293001,86.5,34.4,0.020,-0.468
1791000772,42.0136915,-4.5292125,87.4,35.4,0.020,-0.510
1791000773,42.0139015,-4.5291192,88.3,36.3,0.020,-0.545
1791000774,42.0141124,-4.5290203,89.2,36.9,0.020,-0.574
1791000775,42.0143240,-4.5289156,90.1,37.5,0.020,-0.596
1791000776,42.0145364,-4.5288051,90.9,37.8,0.020,-0.611
1791000777,42.0147494,-4.5286887,91.8,38.0,0.020,-0.619
1791000778,42.0149628,-4.5285665,92.6,38.0,0.020,-0.619
1791000779,42.0151766,-4.5284383,93.4,37.8,0.020,-0.612
1791000780,42.0153905,-4.5283042,94.2,37.5,0.020,-0.598
1791000781,42.0156046,-4.5281641,95.0,37.0,0.020,-0.576
1791000782,42.0158186,-4.5280181,95.8,36.3,0.020,-0.548
1791000783,42.0160325,-4.5278660,96.5,35.5,0.020,-0.513
1791000784,42.0162461,-4.5277079,97.3,34.5,0.020,-0.472
1791000785,42.0164593,-4.5275438,98.0,33.4,0.020,-0.426
1791000786,42.0166720,-4.5273738,98.7,32.1,0.020,-0.374
1791000787,42.0168840,-4.5271977,99.4,30.7,0.020,-0.318
1791000788,42.0170952,-4.5270156,100.1,29.1,0.020,-0.259
1791000789,42.0173055,-4.5268276,100.7,27.4,0.020,-0.196
1791000790,42.0175148,-4.5266337,101.3,25.6,0.020,-0.131
1791000791,42.0177229,-4.5264339,102.0,23.7,0.020,-0.065
1791000792,42.0179297,-4.5262282,102.5,21.7,0.041,-0.020
1791000793,42.0181351,-4.5260167,103.1,19.6,0.108,-0.020
1791000794,42.0183389,-4.5257995,103.7,17.3,0.173,-0.020
1791000795,42.0185411,-4.5255765,104.2,15.0,0.236,-0.020
1791000796,42.0187415,-4.5253480,104.7,12.7,0.297,-0.020
1791000797,42.0189399,-4.5251138,105.2,10.3,0.354,-0.020
1791000798,42.0191363,-4.5248742,105.7,7.8,0.407,-0.020
1791000799,42.0193305,-4.5246291,106.1,5.3,0.456,-0.020
1791000800,42.0195224,-4.5243787,106.5,2.8,0.499,-0.020
1791000801,42.0197119,-4.5241230,106.9,0.3,0.536,-0.020
1791000802,42.0198990,-4.5238623,107.3,-2.3,0.567,-0.020
1791000803,42.0200833,-4.5235964,107.6,-4.8,0.591,-0.020
1791000804,42.0202649,-4.5233256,108.0,-7.3,0.608,-0.020
1791000805,42.0204437,-4.5230500,108.3,-9.8,0.618,-0.020
1791000806,42.0206195,-4.5227697,108.5,-12.2,0.620,-0.020
1791000807,42.0207922,-4.5224848,108.8,-14.5,0.615,-0.020
1791000808,42.0209617,-4.5221954,109.0,-16.9,0.602,-0.020
1791000809,42.0211280,-4.5219017,109.2,-19.1,0.583,-0.020
1791000810,42.0212909,-4.5216037,109.4,-21.2,0.556,-0.020
1791000811,42.0214504,-4.5213017,109.6,-23.3,0.523,-0.020
1791000812,42.0216063,-4.5209958,109.7,-25.2,0.484,-0.020
1791000813,42.0217585,-4.5206861,109.8,-27.1,0.439,-0.020
1791000814,42.0219070,-4.5203727,109.9,-28.8,0.389,-0.020
1791000815,42.0220518,-4.5200559,110.0,-30.4,0.334,-0.020
1791000816,42.0221926,-4.5197358,110.0,-31.8,0.275,-0.020
1791000817,42.0223295,-4.5194125,110.0,-33.1,0.214,-0.020
1791000818,42.0224624,-4.5190863,110.0,-34.3,0.149,-0.020
1791000819,42.0225912,-4.5187572,109.9,-35.3,0.084,-0.020
1791000820,42.0227158,-4.5184254,109.9,-36.2,0.020,-0.023
1791000821,42.0228363,-4.5180912,109.8,-36.9,0.020,-0.089
1791000822,42.0229525,-4.5177546,109.7,-37.4,0.020,-0.155
1791000823,42.0230643,-4.5174159,109.5,-37.8,0.020,-0.219
1791000824,42.0231719,-4.5170753,109.4,-38.0,0.020,-0.281
1791000825,42.0232750,-4.5167328,109.2,-38.0,0.020,-0.339
1791000826,42.0233737,-4.5163888,108.9,-37.9,0.020,-0.393
1791000827,42.0234680,-4.5160434,108.7,-37.5,0.020,-0.443
1791000828,42.0235578,-4.5156967,108.4,-37.1,0.020,-0.488
1791000829,42.0236431,-4.5153489,108.2,-36.4,0.020,-0.526
1791000830,42.0237238,-4.5150003,107.8,-35.6,0.020,-0.559
1791000831,42.0238000,-4.5146511,107.5,-34.7,0.020,-0.585
1791000832,42.0238717,-4.5143013,107.2,-33.6,0.020,-0.604
1791000833,42.0239388,-4.5139512,106.8,-32.3,0.020,-0.616
1791000834,42.0240013,-4.5136010,106.4,-30.9,0.020,-0.620
1791000835,42.0240593,-4.5132508,105.9,-29.3,0.020,-0.617
1791000836,42.0241127,-4.5129008,105.5,-27.7,0.020,-0.607
1791000837,42.0241616,-4.5125513,105.0,-25.9,0.020,-0.589
1791000838,42.0242060,-4.5122024,104.5,-24.0,0.020,-0.564
1791000839,42.0242459,-4.5118542,104.0,-21.9,0.020,-0.533
1791000840,42.0242813,-4.5115070,103.5,-19.8,0.020,-0.495
1791000841,42.0243122,-4.5111610,102.9,-17.6,0.020,-0.452
1791000842,42.0243388,-4.5108162,102.3,-15.3,0.020,-0.403
1791000843,42.0243609,-4.5104729,101.7,-13.0,0.020,-0.349
1791000844,42.0243788,-4.5101312,101.1,-10.6,0.020,-0.292
1791000845,42.0243923,-4.5097913,100.5,-8.1,0.020,-0.231
1791000846,42.0244016,-4.5094534,99.8,-5.6,0.020,-0.167
1791000847,42.0244067,-4.5091177,99.1,-3.1,0.020,-0.102
1791000848,42.0244076,-4.5087842,98.4,-0.6,0.020,-0.035
1791000849,42.0244045,-4.5084531,97.7,1.9,0.071,-0.020
1791000850,42.0243973,-4.5081247,97.0,4.5,0.137,-0.020
1791000851,42.0243862,-4.5077989,96.3,7.0,0.202,-0.020
1791000852,42.0243712,-4.5074761,95.5,9.5,0.264,-0.020
1791000853,42.0243524,-4.5071562,94.7,11.9,0.323,-0.020
1791000854,42.0243298,-4.5068395,93.9,14.3,0.379,-0.020
1791000855,42.0243036,-4.5065261,93.1,16.6,0.430,-0.020
1791000856,42.0242737,-4.5062161,92.3,18.8,0.476,-0.020
1791000857,42.0242404,-4.5059096,91.5,21.0,0.516,-0.020
1791000858,42.0242036,-4.5056067,90.6,23.0,0.551,-0.020
1791000859,42.0241635,-4.5053076,89.7,25.0,0.578,-0.020
1791000860,42.0241202,-4.5050123,88.9,26.9,0.599,-0.020
1791000861,42.0240737,-4.5047210,88.0,28.6,0.613,-0.020
1791000862,42.0240241,-4.5044338,87.1,30.2,0.620,-0.020
1791000863,42.0239716,-4.5041507,86.2,31.7,0.619,-0.020
1791000864,42.0239161,-4.5038718,85.3,33.0,0.610,-0.020
1791000865,42.0238579,-4.5035972,84.3,34.2,0.595,-0.020
1791000866,42.0237970,-4.5033271,83.4,35.2,0.572,-0.020
1791000867,42.0237335,-4.5030614,82.4,36.1,0.542,-0.020
1791000868,42.0236676,-4.5028002,81.5,36.8,0.506,-0.020
1791000869,42.0235992,-4.5025436,80.5,37.3,0.464,-0.020
1791000870,42.0235285,-4.5022917,79.6,37.7,0.417,-0.020
1791000871,42.0234557,-4.5020444,78.6,37.9,0.365,-0.020
1791000872,42.0233807,-4.5018019,77.6,38.0,0.308,-0.020
1791000873,42.0233038,-4.5015642,76.6,37.9,0.248,-0.020
1791000874,42.0232250,-4.5013312,75.6,37.6,0.185,-0.020
1791000875,42.0231444,-4.5011032,74.6,37.1,0.120,-0.020
1791000876,42.0230621,-4.5008800,73.6,36.5,0.054,-0.020
1791000877,42.0229783,-4.5006616,72.6,35.7,0.020,-0.053
1791000878,42.0228929,-4.5004482,71.6,34.8,0.020,-0.119
1791000879,42.0228062,-4.5002397,70.6,33.7,0.020,-0.184
1791000880,42.0227181,-4.5000360,69.6,32.5,0.020,-0.247
1791000881,42.0226289,-4.4998373,68.6,31.1,0.020,-0.307
1791000882,42.0225386,-4.4996435,67.6,29.5,0.020,-0.364
1791000883,42.0224472,-4.4994546,66.6,27.9,0.020,-0.416
1791000884,42.0223550,-4.4992706,65.7,26.1,0.020,-0.464
1791000885,42.0222619,-4.4990914,64.7,24.2,0.020,-0.506
1791000886,42.0221681,-4.4989170,63.7,22.2,0.020,-0.542
1791000887,42.0220737,-4.4987475,62.7,20.1,0.020,-0.572
1791000888,42.0219786,-4.4985827,61.7,17.9,0.020,-0.594
1791000889,42.0218831,-4.4984227,60.7,15.6,0.020,-0.610
1791000890,42.0217872,-4.4982673,59.8,13.3,0.020,-0.618
1791000891,42.0216910,-4.4981167,58.8,10.9,0.020,-0.620
1791000892,42.0215945,-4.4979706,57.8,8.4,0.020,-0.613
1791000893,42.0214979,-4.4978291,56.9,5.9,0.020,-0.600
1791000894,42.0214011,-4.4976921,56.0,3.4,0.020,-0.579
1791000895,42.0213043,-4.4975595,55.0,0.9,0.020,-0.551
1791000896,42.0212076,-4.4974313,54.1,-1.6,0.020,-0.517
1791000897,42.0211109,-4.4973074,53.2,-4.2,0.020,-0.476
1791000898,42.0210144,-4.4971879,52.3,-6.7,0.020,-0.430
1791000899,42.0209181,-4.4970725,51.4,-9.1,0.020,-0.379
